deal_count,location,price,shop,title
200+人付款,北京,499.00,炸雷428,微软原装xbox ones游戏PC电脑版Xbox Series S/X无线蓝牙ipad
27人付款,北京,249.00,许一个未来2012,任天堂Switch Joy-Con体感震动NS原装无线蓝牙左右双手
400+人付款,安徽 滁州,179.00,微软乐映专卖店,微软XBOX ONE精英游戏PC Ones蓝牙无线控制器2020主机XboxOneS电脑steam安卓苹果seriesx适配器ipad
23人付款,北京,569.00,许一个未来2012,幻斗士美版微软原装XboxoneS无线PCsteam控制器series蓝牙ios
43人付款,上海,470.00,tb_4945559,索尼国行 PS5新款 原装游戏 红色 黑色 无线控制器 现货
1000+人付款,广东 广州,99.00,machenike旗舰店,机械师HG300游戏电视PC笔记本电脑PS3有线无线任天堂switch微软steam360双人成行老头环类xbox吃鸡
1000+人付款,广东 广州,109.00,thunderobot旗舰店,雷神G30战斧游戏无线蓝牙steam有线usb电视switch proPC电脑版ns实况足球xbox双人成行安卓手机平板
1万+人付款,广东 深圳,45.00,拓鼎商务,新款XBOX360电脑ONE有无线电视USB游戏PS4Steam通用
700+人付款,北京,209.00,昌盛电玩网连锁,任天堂原装Switch游戏proNSpro无线蓝牙PC电脑Steam震动
1000+人付款,广东 梅州,59.50,梦想要怎样才能让人知道,格斗摇杆 街机摇杆双人三和 无延迟 手机电脑 家用游戏机游戏
1000+人付款,广东 深圳,238.00,莱仕达旗舰店,PXN莱仕达P50 任天堂switchns国产pro游戏握把原装动森限定国行无线体感摇杆连发唤醒塞尔达电脑PC steam
300+人付款,日本,609.00,天猫国际日本直购,日本直邮Sony索尼游戏PS5 DualSense原装游戏方便携带白
900+人付款,广东 东莞,136.00,easysmx旗舰店,Easysmx无线游戏PC电脑版steam双人成行xbox4安卓手机小米电视nba2K22足球地平线5艾尔登法环特斯拉
2000+人付款,广东 广州,97.00,北通欣展专卖店,北通蝙蝠4start云游戏steam怪物猎人xbox艾尔登法环地平有线pc电脑版电视家用nba2k22战地5双人成行摇杆
300+人付款,广东 广州,455.00,gyj329835174,国行索尼 PS5原装游戏 无线控制器 PlayStation5 蓝牙pc
300+人付款,广东 深圳,419.00,flydigi飞智旗舰店,飞智八爪鱼2游戏lol英雄联盟手游苹果安卓使命召唤和平辅助器Xbox无线手机电脑吃鸡steam手机电脑PC
2000+人付款,广东 广州,57.00,北通欣展专卖店,北通蝙蝠2游戏pc电脑版云startsteam电视怪物猎人物语NBA2K2210双人成行实况足球fifa22地平线54有线
7000+人付款,广东 东莞,13.50,carkoci旗舰店,吃鸡神器自动压抢辅助器手机游戏蜂刺连点器适用华为苹果专用透视压枪机械按键外设和平外卦精英装备全套
800+人付款,广东 深圳,149.00,梓豪数码专营店,【咨询有惊喜】北通阿修罗2pro游戏无线蓝牙宙斯pc电脑版NBA2K22双人成行xbox笔记本steam地平线5fifa4
900+人付款,广东 东莞,34.90,奕缃数码配件专营店,游戏XBOX360 PC电脑版笔记本电视安卓机顶盒手机USB有线无线Steam通用 NBA 实况足球 双人成行游戏机
200+人付款,上海,489.00,第一线18,国行索尼 PS5 原装游戏 PlayStation5新款紫粉蓝色无线控制器
100+人付款,四川 成都,644.00,成都a世界天空电玩,微软Xbox Series S/X无线 20周年限定版  XSS XSX PC电脑
100+人付款,广东 深圳,198.00,莱仕达旗舰店,PXN莱仕达P20电脑pc无线游戏steam艾尔登法环电脑版安卓手机蓝牙电视fifa4原神地平线5双人成行nba2K22
200+人付款,广东 广州,455.00,alen9550,国行索尼PS5原装游戏 无线控制器 PlayStation5 黑白红色
100+人付款,广东 广州,439.00,thunderobot旗舰店,雷神魔蝎游戏G70无线有线usb电视switch平板安卓PC电脑版ns怪物猎人nba2k22艾尔登法环手机平板
400+人付款,江苏 无锡,59.00,北通阿修罗专卖店,北通神鹰XPro游戏pc电脑版艾尔登法环steam电视家用usb地平线5糖豆人NBA2K2021刺客信条实况足球双人有线
5000+人付款,广东 广州,339.00,北通旗舰店,switch北通阿修罗2pro多模任天堂游戏pc电脑版地平线5steam艾尔登法环ns电视4xbox塞尔达nba2k荒野大镖客
400+人付款,广东 深圳,259.00,flydigi飞智旗舰店,飞智黄蜂2手机游戏使命召唤吃鸡神器G2辅助自动压抢王者lol英雄联盟手游适用于黑鲨安卓苹果换装宏精英
100+人付款,广东 东莞,79.00,科腾深圳专卖店,科腾 switch无线蓝牙pc电脑版steam双人艾尔登法环原神怪物猎人生化危机8地平线4特斯拉奥塞尔达游戏
2000+人付款,广东 广州,359.00,北通旗舰店,北通阿修罗3s无线游戏pc电脑版双人成行电视战地NBA2K22原神steam暗黑艾尔登法环地平线5笔记本xbox
1000+人付款,广东 深圳,116.00,翼博数码配件专营店,适用于微软原装xbox电池ones游戏X无线适配器series锂电池充电套装组蓝牙精英二代XSX接收器配件2020
100+人付款,广东 深圳,25.00,鑫词码旗舰店,鑫慈翁焯switch游戏方向盘ns马车握把马里奥赛车8体感配件汽车模拟器OLED游戏机joycon驾驶支架把手架
39人付款,广东 广州,369.00,machenike旗舰店,【新品上市】机械师603w双模有线无线游戏PC电脑电视手机app虚拟按键LOL王者荣耀steam原神ios艾尔登法环
10人付款,广东 广州,1398.00,铭仁数码专营店,微软原装Xbox One精英二代 2代游戏 pc无线  摇杆兼容 steam 电脑
200+人付款,上海,1398.00,微软中国官方旗舰店,微软 Xbox Elite无线控制器系列2代 精英二代 无线蓝牙PC游戏配件 国行Xbox One X
1000+人付款,浙江 杭州,9.80,天天特卖工厂店,吃鸡神器自动压枪适用于苹果专用装备全套辅助器使命召唤游戏和平精英按键外设透视物理挂手游战场
300+人付款,广东 广州,418.00,金玉旺掌柜,任天堂switchpro原装无线nsjoycon限定steam游戏异度之刃
3000+人付款,广东 深圳,268.00,八位堂旗舰店,8bitdo八位堂猎户座游戏微软授权有线Xbox Series PC 电脑版xbox One主机steam通用霍尔扳机震动连发
42人付款,广东 广州,189.00,machenike旗舰店,机械师HG503双模有线无线游戏PC电脑电视家用USB任天堂switch专用pro steam微软360物语xbox原神ios
600+人付款,广东 深圳,169.00,flydigi飞智南疆专卖店,飞智黑武士2pro无线艾尔登法环地平线5游戏双人成行原神怪物猎人手游体感steamPCEpic电脑手机xbox360
2000+人付款,广东 广州,449.00,北通旗舰店,北通宙斯T6精英机械switch游戏pc电脑版原神无线蓝牙nba2k双人成行艾尔登法环steam地平线5电视nsxboxfif
1000+人付款,江苏 无锡,146.00,北通阿修罗专卖店,北通阿修罗2Pro有线USB游戏电脑PC360艾尔登法环Steam只狼NBA2K21双人成行地平线FIFAOL4怪物猎人电视SE
500+人付款,广东 深圳,299.00,智梦空间数码专营店,魔派双子星switch机械NS握把Joycon精英动森配件任天堂连发恶魔机甲OLED震动国产Steam体感PRO游戏原装M6
1000+人付款,广东 广州,470.00,金玉旺掌柜,Switch原装JoyCon体感震动任天堂ns左右oled限定动物之森
1000+人付款,广东 深圳,185.00,莱仕达旗舰店,莱仕达 switchpro任天堂ns国产无线摇杆震动lite游戏机nspro原装国行限定动森怪猎连发steam电脑游戏pc
300+人付款,上海,455.00,tb8154368647,索尼PS5 原装 索尼无线控制器 ps5 ps5 现货即发
3000+人付款,广东 广州,273.00,北通旗舰店,地平线5北通阿修罗2pro无线特斯拉艾尔登法环电视4fifa游戏PC电脑版xbox双人成行nba2K22怪物猎steam战地
100+人付款,四川 成都,1109.00,成都a世界天空电玩,微软Xbox Elite2精英版二代 光环：无限限量版无线控制器国行
600+人付款,广东 广州,239.00,超科旗舰店,致动O国产PC电脑震动steam老头环体感唤醒switch炫光炫彩游戏无线鬼泣苹果怪物猎人原神蓝牙安卓MFi手游
2000+人付款,北京,218.00,芯优优电池,原装任天堂switchpro无线电脑ns游戏joycon怪物猎人steam
600+人付款,浙江 杭州,39.80,天天特卖工厂店,【一秒68枪】吃鸡神器自动压抢装备全套挂透视连卦外设连点器按键游戏适用苹果华为专用和平刺激精英战场
200+人付款,广东 广州,429.00,tb791245038236,微软原装XBOX ONE游戏oneS版电脑PC 360无线蓝牙ios精英steam
1000+人付款,四川 成都,239.00,成都a世界天空电玩,微软Xbox Series S/X无线 XSS XSX 新款蓝牙游戏 PC电脑
800+人付款,广东 广州,89.00,thunderobot旗舰店,雷神天蝎无线游戏G35电脑steam电视蓝牙Switch ProNBA2k22安卓PC怪物猎人原神艾尔登法环台式机
1000+人付款,江苏 徐州,108.00,肖亮晓,微软原装XBOX360游戏pc电脑版无线蓝牙steam地平线5nba2k22限
4000+人付款,广东 广州,185.00,盛世缘数码专营店,现货即发任天堂SwitchJoyCon体感震动ns无线蓝牙左右红蓝国产动物之森pro怪猎限定oled游戏
39人付款,广东 深圳,379.00,欣影数码专营店,GEACHEN机臣PH10移动供电微单运动相机补光灯手机充电
800+人付款,广东 深圳,169.00,拓鼎商务,全新xboxSeries有线pc电脑Steam游戏ps4地平线5双人成行
3000+人付款,广东 深圳,173.90,美美时尚1688,索尼ps4pro原装游戏pc电脑版steam无线蓝牙安卓苹果ios13手机
700+人付款,江苏 无锡,273.00,北通阿修罗专卖店,北通阿修罗2Pro无线落樱粉地平线5艾尔登法环4双人成行电视FIFA游戏PC电脑版NBA2K22战地XBOX怪物猎Steam
300+人付款,广东 深圳,439.00,鑫词码专营店,Nintendo任天堂switchpro专业ns原装switch国行pro无线蓝牙PC电脑steam游戏lite体感NFC充电握把oled配件
2000+人付款,广东 深圳,339.00,flydigi飞智旗舰店,飞智黑武士2pro精英switch游戏蓝牙pc电脑Xbox无线手机电脑steam体感宏怪物猎人艾尔登法环老头环
9000+人付款,广东 东莞,11.80,carkoci旗舰店,吃鸡神器自动压抢辅助器手游连点器适用苹果专用透视游戏按键外设外卦和平刺激精英战场使命装备召唤全枪
1000+人付款,广东 广州,339.00,北通旗舰店,北通G2游戏吃鸡神器辅助自动压枪蓝牙王者送一键换装荣耀英雄联盟LOL苹果安卓手机专用外设华为小米原神3
2000+人付款,广东 深圳,259.00,flydigi飞智旗舰店,飞智黑武士2游戏Xbox无线手机电脑pc吃鸡steam苹果安卓艾尔登法环老头环怪物猎人英雄联盟LOL手游
400+人付款,广东 深圳,309.00,拓鼎商务,微软原装Xboxonesxbox电脑手机ios震动无线蓝牙游戏steam
1000+人付款,广东 广州,195.00,北通旗舰店,北通阿修罗2PRO有线特斯拉艾尔登法环游戏pc电脑版steam战地双人成行实况足球怪物猎人xbox地平线5电视
800+人付款,江苏 苏州,479.00,zyt19830605,微软Xbox Series S/X无线 XSS XSX 蓝牙游戏 限定 PC电脑
300+人付款,广东 东莞,629.00,你好陈虹达,现货美版Xbox地平线520周年港版精英限量Xbox
6人付款,广东 广州,209.00,machenike旗舰店,机械师HG300W无线游戏双模蓝牙任天堂专业pro适用PC电脑Switch塞尔达荒野之息马里奥赛车体感
900+人付款,四川 成都,469.00,成都a世界天空电玩,现货国行 PS5原装游戏 无线控制器 PlayStation5 红 黑 白色
200+人付款,北京,499.00,程程依依,顺丰包邮 索尼PS5 原装 无线控制器 午夜黑 星辰红新配色现货
1000+人付款,浙江 杭州,7.80,天天特卖工厂店,吃鸡神器自动压抢辅助器使命召唤机械按键游戏适用华为六指和平外设透视物理挂手游精英吃鸡全套手机装备
2000+人付款,广东 广州,116.00,北通优品专卖店,北通斯巴达2无线游戏pc电脑版电视特斯拉USB有线NBA2k22双人成行xbox笔记本steam地平线5fifa4艾尔登法环
2000+人付款,广东 深圳,38.00,方龙数码专营店,●和平精英专用●吃鸡神器按键辅助器金属机械压抢物理外设连点器x游戏12苹果华为手机装备枪外卦全自动p
100+人付款,浙江 杭州,39.80,天天特卖工厂店,【一秒68枪】吃鸡神器自动压抢装备全套挂透视连卦游戏外设连点器辅助按键华为苹果专用和平刺激精英战场
900+人付款,广东 广州,421.00,衲澜清格齐絮,Switchpro原装任天堂 steam游戏大乱斗 nsjoycon怪猎
300+人付款,上海,485.00,chengdonjunzzq,任天堂switch原装Joy-Con体感震动左右双 NS无线蓝牙单个
400+人付款,广东 广州,159.00,thunderobot旗舰店,雷神switch专用专业pro任天堂ns游戏机无线蓝牙G40有线电脑pc游戏Steam艾尔登法环台式主机电视家用
200+人付款,广东 广州,199.00,machenike旗舰店,机械师HG510游戏PC笔记本电脑PS5双模无线任天堂switch微软steam360双人成行老头环艾尔登法环类xbox
700+人付款,广东 广州,175.00,盛世缘数码专营店,官方升级Switchjoycon游戏支持健身环运动Sports任天堂NS左右体感震动pro国产动森限定oled配件nfc
1000+人付款,广东 深圳,54.00,flydigi飞智旗舰店,飞智影刺肩键游戏手游按键手机吃鸡神器连点器适用于使命召唤和平连发精英辅助器物理外设非自动压抢蜂刺
2000+人付款,广东 东莞,166.32,排排跳电玩旗舰店,官网正品适用于原装任天堂switch oled游戏电脑propc版无线蓝牙双人成行怪物猎人NS国产日版专业PRO
1000+人付款,广东 深圳,99.00,gamesir旗舰店,盖世小鸡T4pro电脑PC版游戏全平台无线gta5电视nba2k22原神Steam安卓switch苹果ios手机模拟器ns蓝牙体感
11人付款,广东 广州,629.00,铭仁数码专营店,Microsoft/微软 XBOX ONE蓝牙XboxOneS xboxseriesxPC电脑2020精英 电光黄游戏xbox
1000+人付款,北京,265.00,诚信实业通讯,微软原装Xboxones游戏PC电脑版xbox seriesx无线蓝牙手机
100+人付款,上海,1398.00,微软乐映专卖店,微软Xbox one Elite 精英版二代PC游戏通用xbox精英Elite2 精英2代无线控制器
100+人付款,广东 深圳,1199.00,qanba旗舰店,QANBA拳霸Q3黑曜石珍珠白街机游戏摇杆大支持PS5 PS4 PS3 PC 铁拳7 街霸5 高达 GGXX  街机平台 steam
1000+人付款,广东 广州,179.00,thunderobot旗舰店,雷神G50战斧无线蓝牙pc电脑usb游戏电视机家用艾尔登法环老头环steam精英ns支持switch/nba2K22主机
2人付款,北京,839.00,胜达经典数码专营店,佳能HG-100TBR原装三脚架单反相机BR-E1自拍蓝牙遥控器90D M50 200D M6 Mark II R5 R6微单无线G5X2 G7X3
1000+人付款,广东 广州,73.00,玩潮客,微软新款xss原装XBOX ONE无线适配器oneS接收器Series2020xsx
1000+人付款,广东 深圳,208.00,翼博数码配件专营店,官网正品适用于任天堂Switch原装joycon游戏ns国产jc握把oled电视体感swich动森限定swtich配件无线N
1000+人付款,广东 深圳,99.00,hkii旗舰店,HKII手机游戏拉伸吃鸡神器英雄联盟手全游适用于华为安卓蓝牙苹果无线泰拉瑞亚王者荣耀小鸡原神模拟悟饭
300+人付款,广东 深圳,262.00,智米空间数码专营店,微软xbox八位堂猎户座有线原装游戏精英兼容Xbox Series X扳机震动体感Xbox Series S/X XSS XSX  PC电脑
600+人付款,上海,559.00,playstation官方旗舰店,索尼（SONY） PS5 PlayStation?5 DualSense无线控制器 星辰红午夜黑 游戏
200+人付款,广东 深圳,558.00,qanba旗舰店,QANBA/拳霸Q4三和清水街机游戏格斗摇杆家用游戏机支持switch PS3 PC/PS4 街霸5 KOF97 14 steam
900+人付款,广东 东莞,199.00,iqoo手机官方旗舰店,【省70元】vivo iQOO无线蓝牙低延迟闪电游戏手机吃鸡神器连击辅助超长续航安卓官方原装正品
1000+人付款,浙江 杭州,39.80,天天特卖工厂店,【一秒68枪】吃鸡神器自动压抢装备全套挂透视连卦外设连点器辅助按键游戏华为苹果专用和平刺激精英战场
800+人付款,广东 深圳,208.00,翼博数码配件专营店,官网正品适用于任天堂Switchjoycon原装ns分体jc握把oled电视lite国产pro体感joy无线swich游戏配件N
200+人付款,广东 深圳,359.00,gamesir旗舰店,盖世小鸡X2拉伸神器手游原神幻塔英雄联盟辅助王者荣耀安卓苹果egg手机游戏悟饭模拟器ns蛋蛋吃鸡switch
700+人付款,北京,236.55,昌盛电玩网连锁,Switch任天堂 oy-Con体感震动 NS原装左右动物森林堡垒
800+人付款,广东 深圳,188.00,八位堂旗舰店,八位堂Pro2蓝牙游戏精英无线手机任天堂主机体感震动连发steam安卓苹果通用NS Switch/Lite PC电脑版
100+人付款,湖北 武汉,469.00,b15071094383,微软Xbox Series S/X无线 XSS XSX 新款蓝牙游戏 PC电脑
100+人付款,浙江 杭州,7.80,天天特卖工厂店,吃鸡神器自动压枪辅助器手机游戏和平外设透视物理挂手游使命装备召唤全枪适用苹果华为机械游戏按键外卦
3人付款,广东 深圳,999.00,铁头旗舰店,【超值套餐7】RS2控制提壶+手机支架
800+人付款,广东 深圳,119.00,flydigi飞智旗舰店,飞智壹柄一柄手机游戏手游走位摇杆一键换装吃鸡神器辅助自动压枪适用于王者送荣耀英雄联盟lol手游原神
600+人付款,广东 广州,417.00,wawu86,任天堂switch游戏pro原装ns大乱斗steam游戏怪物猎人破晓
2人付款,广东 深圳,350.00,倚诺千斤,索尼 GP-VPT1 VPT2BT手持三脚架ZV1 A6400 A7R4M3 M7
100+人付款,上海,568.00,玩潮客,微软Xbox Series S/X游戏 XSS XSX 无线蓝牙 Xbox PC电脑
400+人付款,广东 深圳,455.00,ldxhj227,Sony索尼 PS5 游戏原装 主机控制器PlayStation5无线配件
200+人付款,上海,600.00,risen星纪,微软新款Xbox Seriessteam电脑XBOXXSX蓝牙PC精英二代XSS
1000+人付款,广东 广州,165.00,北通优品专卖店,北通斯巴达2无线游戏艾尔登法环Steam家用电视pc电脑版fifaonline4原神NBA2k22笔记本xbox特斯拉车载usb
900+人付款,广东 深圳,265.00,拓鼎商务,微软XboxOnes360无线电脑游戏PS4蓝牙PC震动iosSteam
500+人付款,江苏 南京,218.00,tb157101143,原装任天堂switchpro无线蓝牙电脑ns游戏joycon体感steam
400+人付款,广东 广州,547.00,北通优品专卖店,北通宙斯T6无线套装版精英机械游戏蓝牙pc电脑版switch艾尔登法环steam原神xbox电视nba2k22实况足球pro
1000+人付款,广东 东莞,149.00,排排跳电玩旗舰店,官网正品适用于switch游戏joycon任天堂ns分体pro原装握把pc蓝牙jc震动体感电视动物之森pro怪猎限定oled
800+人付款,广东 广州,239.00,超科旗舰店,致动O国产游戏电脑震动steam艾尔登法环唤醒体感switch无线PC鬼泣苹果iOS怪物猎人崛起原神蓝牙MFi手游
82人付款,广东 深圳,865.00,edmend_2005,微软原装xboxone精英二代xbox elite2代精英 PC蓝牙游戏
5000+人付款,广东 深圳,26.00,zeson旗舰店,吃鸡神器自动压抢六指辅助器苹果华为专用游戏透视物理挂手游和平刺激精英战场使命召唤四键全装备连点器
4人付款,上海,128.00,禾流数码专营店,桑格 DJI大疆RS2 RSC2 RS3 PRO稳定器提壶 智云weebill s低拍提手手持监视器拓展支架加长阿卡快装板配件
400+人付款,广东 深圳,218.00,tb777043492,任天堂原装switchpro游戏NS怪物猎人steam无线电脑joycon
1000+人付款,北京,187.20,兴隆数码商城,微软Xbox Series有线无线震动通用pc电脑steam游戏ones
5000+人付款,浙江 杭州,18.70,icooya旗舰店,2022新款升级战鹰6代超灵敏四指连发吃鸡神器六指连点器苹果专用手机和平精英手游游戏按键辅助器指套
6人付款,广东 广州,409.00,铭仁数码专营店,任天堂Switch Joy-Con 左右 NS原装左右 JC 现货国行原装正品  switch  原装 任天堂
2000+人付款,广东 深圳,118.00,翼博数码配件专营店,【原装正品】适用于索尼ps4主机PS4 Pro游戏pc电脑steam无线蓝牙NBA2k安卓苹果ios13手机贝贝佳官方
200+人付款,北京,499.00,炸雷428,微软原装xbox ones游戏PC电脑版Xbox Series S/X无线蓝牙ipad
100+人付款,江苏 苏州,559.00,微尼数码专营店,微软Xbox无线控制器 Series S X 无线游戏 XSS XSX 新款20周年 极限竞速地平线5 限定 电脑蓝牙PC
300+人付款,北京,239.00,圣安信通数码专营店,微软xbox series国行精英游戏PC Ones蓝牙XboxOneSsteam xboxseriesx新款有线无线xbox
400+人付款,广东 深圳,198.00,智梦空间数码专营店,谷粒金刚2ProSwitch艾尔登法环PC电脑版任天堂配件精英国行NS怪物猎人游戏体感steam无线蓝牙握把地平线5
100+人付款,广东 深圳,278.00,tb8271552087,索尼ps4pro原装游戏pc电脑版steam无线蓝牙安卓苹果ios13手机
700+人付款,上海,135.00,risen星纪,微软xss原装2020XBOX ONE S/X电池套装XSX同步充电套组Series
400+人付款,广东 广州,260.00,盛世缘数码专营店,星之卡比Switchjoycon任天堂星之卡比探索发现游戏NS左右少女粉国产jc体感震动switch oled通用配件
